{
  "week_ending_date": "2025-11-13",
  "is_low_information_week": true,
  "low_info_reasons": [
    "novelty and event intensity are near zero on average"
  ],
  "recap_pct": 40.119760479041915,
  "avg_novelty_z": 0.0,
  "avg_event_intensity_z": -1.418248973573054e-17,
  "cluster_count": 501,
  "config_snapshot": {
    "experiment_name": "news-novelty-v1",
    "experiment_version": "1.0.0",
    "max_clusters_per_symbol": 1,
    "recap_pct_threshold": 0.5,
    "min_clusters_threshold": 10,
    "basket_size": 20,
    "basket_weighting": "equal_weight",
    "sector_cap": null,
    "skip_rules_enabled": true,
    "entry_timing": "Monday open",
    "exit_timing": "Friday close",
    "benchmark": "SPY",
    "neutralize_recap": true,
    "exclude_spy": true
  },
  "run_metadata": {
    "run_trigger": "workflow_dispatch",
    "week_end_requested": "2025-11-13",
    "week_end_resolved": "2025-11-13",
    "run_started_utc": "2026-01-26T01:18:26Z",
    "git_sha": "e1420854a3e99ec06100d727cbbabe14d91b0f13"
  },
  "build": {
    "git_sha": "e1420854a3e99ec06100d727cbbabe14d91b0f13",
    "github_run_id": "21343113978",
    "github_run_attempt": "1",
    "python": "3.11.14",
    "pandas": "3.0.0",
    "numpy": "2.4.1",
    "features_scores_sha256": "cc6abaaf8c2a089f823a15f2ce72ba197944a6e56c7cd27d1b91c41089b12432"
  }
}