{
  "week_ending_date": "2025-12-25",
  "is_low_information_week": true,
  "low_info_reasons": [
    "novelty and event intensity are near zero on average"
  ],
  "recap_pct": 35.1129363449692,
  "avg_novelty_z": 0.0,
  "avg_event_intensity_z": -3.8299274771463306e-17,
  "cluster_count": 487,
  "config_snapshot": {
    "experiment_name": "news-novelty-v1",
    "experiment_version": "1.0.0",
    "max_clusters_per_symbol": 1,
    "recap_pct_threshold": 0.5,
    "min_clusters_threshold": 10,
    "basket_size": 20,
    "basket_weighting": "equal_weight",
    "sector_cap": null,
    "skip_rules_enabled": true,
    "entry_timing": "Monday open",
    "exit_timing": "Friday close",
    "benchmark": "SPY",
    "neutralize_recap": true,
    "exclude_spy": true
  },
  "run_metadata": {
    "run_trigger": "workflow_dispatch",
    "week_end_requested": "2025-12-25",
    "week_end_resolved": "2025-12-25",
    "run_started_utc": "2026-01-25T12:56:49Z",
    "git_sha": "facf01ed1664f1a79026492471bf49506badbb23"
  },
  "build": {
    "git_sha": "facf01ed1664f1a79026492471bf49506badbb23",
    "github_run_id": "21332952438",
    "github_run_attempt": "1",
    "python": "3.11.14",
    "pandas": "3.0.0",
    "numpy": "2.4.1",
    "features_scores_sha256": "94ef473c1774125743a1a8c1b0f42137835c185f85ee50fd89eee9807d686c26"
  }
}